trial,scenario,clutter,absent_frames,detector_fired_pct,D_false,E_false
2,removal,none,40,0.0,0,0
5,identity_swap,none,40,0.0,0,0
6,substitution,none,40,0.0,0,0
9,identity_swap,high,35,20.0,0,26
12,substitution,high,37,8.1,6,9
14,removal,high,37,100.0,0,37
20,identity_swap,none,40,0.0,0,0
22,removal,none,38,2.6,3,3
24,substitution,none,40,0.0,0,0
29,removal,high,36,72.2,15,36
30,identity_swap,high,36,38.9,19,22
31,substitution,high,40,100.0,40,40
36,removal,none,39,0.0,2,2
37,identity_swap,none,40,0.0,0,0
39,substitution,none,37,2.7,14,14
45,identity_swap,high,36,11.1,17,28
46,removal,high,40,100.0,40,40
47,substitution,high,40,100.0,40,40
