condition,axis,n,false_belief,lost,mean_durAcc,vlm_calls_per_episode
D_full,control,6,0,0,1.0,1.0
D_full,environment,12,0,0,1.0,1.0
D_full,occlusion,18,60,375,0.516,3.5
D_full,identity,6,36,190,0.183,6.5
D_full,unexpected,6,100,146,0.392,2.0
D_full(decay=30),control,6,0,0,1.0,1.0
D_full(decay=30),environment,12,0,0,1.0,1.0
D_full(decay=30),occlusion,18,61,267,0.667,3.5
D_full(decay=30),identity,6,40,133,0.421,6.5
D_full(decay=30),unexpected,6,128,78,0.675,2.0
D_full(decay=60),control,6,0,0,1.0,1.0
D_full(decay=60),environment,12,0,0,1.0,1.0
D_full(decay=60),occlusion,18,61,149,0.831,3.5
D_full(decay=60),identity,6,40,73,0.671,6.5
D_full(decay=60),unexpected,6,134,10,0.958,2.0
E_no_vlm,control,6,0,0,1.0,0.0
E_no_vlm,environment,12,0,0,1.0,0.0
E_no_vlm,occlusion,18,118,338,0.52,0.0
E_no_vlm,identity,6,76,165,0.301,0.0
E_no_vlm,unexpected,6,103,154,0.358,0.0
