trial_no,scenario,rep,clutter,verdict,during_disruption_acc,false_belief_frames,lost_while_present,spurious_reacquisition,scored_frames,edge_frames,total_frames,vlm_calls,wall_clock_s,failure_mode,trial_dir,first_frame,last_frame
1,camera_pose,1,none,PASS,1.0,0,0,False,118,54,172,1,83.3,,trials\trial_001_camera_pose,trials\trial_001_camera_pose\trial001_camera_pose_baseline_000_233720_raw.jpg,trials\trial_001_camera_pose\trial001_camera_pose_recover_061_233823_raw.jpg
2,removal,1,none,PARTIAL,0.532,0,37,False,119,55,174,1,121.4,,trials\trial_002_removal,trials\trial_002_removal\trial002_removal_baseline_000_233853_raw.jpg,trials\trial_002_removal\trial002_removal_recover_059_234035_raw.jpg
3,occlude_hand,1,none,PARTIAL,0.525,0,38,False,120,54,174,2,39.0,,trials\trial_003_occlude_hand,trials\trial_003_occlude_hand\trial003_occlude_hand_baseline_000_234141_raw.jpg,trials\trial_003_occlude_hand\trial003_occlude_hand_recover_056_234205_raw.jpg
4,occlude_object,1,none,PARTIAL,0.5,0,40,False,120,57,177,2,55.6,,trials\trial_004_occlude_object,trials\trial_004_occlude_object\trial004_occlude_object_baseline_000_234232_raw.jpg,trials\trial_004_occlude_object\trial004_occlude_object_recover_057_234306_raw.jpg
5,identity_swap,1,none,PARTIAL,0.525,0,38,False,120,57,177,3,75.3,,trials\trial_005_identity_swap,trials\trial_005_identity_swap\trial005_identity_swap_baseline_000_234334_raw.jpg,trials\trial_005_identity_swap\trial005_identity_swap_recover_059_234421_raw.jpg
6,substitution,1,none,PARTIAL,0.525,0,38,False,120,57,177,1,58.5,,trials\trial_006_substitution,trials\trial_006_substitution\trial006_substitution_baseline_000_234537_raw.jpg,trials\trial_006_substitution\trial006_substitution_recover_059_234616_raw.jpg
7,lighting,1,none,PASS,1.0,0,0,False,120,57,177,1,83.6,,trials\trial_007_lighting,trials\trial_007_lighting\trial007_lighting_baseline_000_234648_raw.jpg,trials\trial_007_lighting\trial007_lighting_recover_060_234748_raw.jpg
8,control,1,none,PASS,1.0,0,0,False,120,58,178,1,35.5,,trials\trial_008_control,trials\trial_008_control\trial008_control_baseline_000_234804_raw.jpg,trials\trial_008_control\trial008_control_recover_059_234827_raw.jpg
9,identity_swap,1,high,PARTIAL,0.5,0,35,False,110,52,162,16,78.3,,trials\trial_009_identity_swap,trials\trial_009_identity_swap\trial009_identity_swap_baseline_000_235402_raw.jpg,trials\trial_009_identity_swap\trial009_identity_swap_recover_051_235446_raw.jpg
10,occlude_hand,1,high,PASS,0.904,0,7,False,113,54,167,11,41.4,,trials\trial_010_occlude_hand,trials\trial_010_occlude_hand\trial010_occlude_hand_baseline_000_235510_raw.jpg,trials\trial_010_occlude_hand\trial010_occlude_hand_recover_057_235532_raw.jpg
11,control,1,high,PASS,1.0,0,0,False,120,56,176,1,37.3,,trials\trial_011_control,trials\trial_011_control\trial011_control_baseline_000_235551_raw.jpg,trials\trial_011_control\trial011_control_recover_059_235610_raw.jpg
12,substitution,1,high,FAIL,0.506,6,32,False,117,52,169,5,47.6,,trials\trial_012_substitution,trials\trial_012_substitution\trial012_substitution_baseline_000_235627_raw.jpg,trials\trial_012_substitution\trial012_substitution_recover_053_235656_raw.jpg
13,camera_pose,1,high,PASS,1.0,0,0,False,120,58,178,1,50.3,,trials\trial_013_camera_pose,trials\trial_013_camera_pose\trial013_camera_pose_baseline_000_235735_raw.jpg,trials\trial_013_camera_pose\trial013_camera_pose_recover_060_235801_raw.jpg
14,removal,1,high,PARTIAL,0.639,0,26,False,112,53,165,14,38.8,,trials\trial_014_removal,trials\trial_014_removal\trial014_removal_baseline_000_235828_raw.jpg,trials\trial_014_removal\trial014_removal_recover_053_235853_raw.jpg
15,lighting,1,high,PASS,1.0,0,0,False,120,58,178,1,123.5,,trials\trial_015_lighting,trials\trial_015_lighting\trial015_lighting_baseline_000_235924_raw.jpg,trials\trial_015_lighting\trial015_lighting_recover_059_000005_raw.jpg
16,occlude_object,1,high,PASS,1.0,0,0,False,120,58,178,1,99.5,,trials\trial_016_occlude_object,trials\trial_016_occlude_object\trial016_occlude_object_baseline_000_000118_raw.jpg,trials\trial_016_occlude_object\trial016_occlude_object_recover_060_000205_raw.jpg
17,occlude_hand,2,none,PARTIAL,0.525,0,38,False,120,56,176,2,36.9,,trials\trial_017_occlude_hand,trials\trial_017_occlude_hand\trial017_occlude_hand_baseline_000_000404_raw.jpg,trials\trial_017_occlude_hand\trial017_occlude_hand_recover_057_000427_raw.jpg
18,control,2,none,PASS,1.0,0,0,False,120,59,179,1,25.9,,trials\trial_018_control,trials\trial_018_control\trial018_control_baseline_000_000444_raw.jpg,trials\trial_018_control\trial018_control_recover_059_000459_raw.jpg
19,lighting,2,none,PASS,1.0,0,0,False,120,58,178,1,160.3,,trials\trial_019_lighting,trials\trial_019_lighting\trial019_lighting_baseline_000_000518_raw.jpg,trials\trial_019_lighting\trial019_lighting_recover_060_000745_raw.jpg
20,identity_swap,2,none,PARTIAL,0.525,0,38,False,120,57,177,2,74.3,,trials\trial_020_identity_swap,trials\trial_020_identity_swap\trial020_identity_swap_baseline_000_000814_raw.jpg,trials\trial_020_identity_swap\trial020_identity_swap_recover_058_000900_raw.jpg
21,occlude_object,2,none,PASS,1.0,0,34,False,114,56,170,9,37.8,,trials\trial_021_occlude_object,trials\trial_021_occlude_object\trial021_occlude_object_baseline_000_000918_raw.jpg,trials\trial_021_occlude_object\trial021_occlude_object_recover_057_000943_raw.jpg
22,removal,2,none,FAIL,0.487,3,37,False,118,57,175,2,37.7,,trials\trial_022_removal,trials\trial_022_removal\trial022_removal_baseline_000_000958_raw.jpg,trials\trial_022_removal\trial022_removal_recover_058_001021_raw.jpg
23,camera_pose,2,none,PASS,1.0,0,0,False,120,60,180,1,63.6,,trials\trial_023_camera_pose,trials\trial_023_camera_pose\trial023_camera_pose_baseline_000_001039_raw.jpg,trials\trial_023_camera_pose\trial023_camera_pose_recover_061_001101_raw.jpg
24,substitution,2,none,PARTIAL,0.525,0,38,False,120,58,178,1,48.2,,trials\trial_024_substitution,trials\trial_024_substitution\trial024_substitution_baseline_000_001142_raw.jpg,trials\trial_024_substitution\trial024_substitution_recover_059_001217_raw.jpg
25,camera_pose,2,high,PASS,1.0,0,0,False,120,60,180,1,65.9,,trials\trial_025_camera_pose,trials\trial_025_camera_pose\trial025_camera_pose_baseline_000_001524_raw.jpg,trials\trial_025_camera_pose\trial025_camera_pose_recover_061_001601_raw.jpg
26,lighting,2,high,PASS,1.0,0,0,False,120,59,179,1,41.8,,trials\trial_026_lighting,trials\trial_026_lighting\trial026_lighting_baseline_000_001616_raw.jpg,trials\trial_026_lighting\trial026_lighting_recover_060_001646_raw.jpg
27,occlude_object,2,high,PASS,0.987,0,1,False,117,53,170,4,62.5,,trials\trial_027_occlude_object,trials\trial_027_occlude_object\trial027_occlude_object_baseline_000_001700_raw.jpg,trials\trial_027_occlude_object\trial027_occlude_object_recover_056_001725_raw.jpg
28,control,2,high,PASS,1.0,0,0,False,120,59,179,1,30.9,,trials\trial_028_control,trials\trial_028_control\trial028_control_baseline_000_001827_raw.jpg,trials\trial_028_control\trial028_control_recover_060_001846_raw.jpg
29,removal,2,high,FAIL,0.789,16,0,False,116,56,172,5,51.6,,trials\trial_029_removal,trials\trial_029_removal\trial029_removal_baseline_000_001905_raw.jpg,trials\trial_029_removal\trial029_removal_recover_054_001927_raw.jpg
30,identity_swap,2,high,FAIL,0.703,18,4,False,114,57,171,9,61.7,,trials\trial_030_identity_swap,trials\trial_030_identity_swap\trial030_identity_swap_baseline_000_002009_raw.jpg,trials\trial_030_identity_swap\trial030_identity_swap_recover_053_002048_raw.jpg
31,substitution,2,high,FAIL,0.5,40,0,True,120,57,177,1,70.0,,trials\trial_031_substitution,trials\trial_031_substitution\trial031_substitution_baseline_000_002122_raw.jpg,trials\trial_031_substitution\trial031_substitution_recover_059_002156_raw.jpg
32,occlude_hand,2,high,PASS,1.0,0,0,False,120,58,178,1,44.9,,trials\trial_032_occlude_hand,trials\trial_032_occlude_hand\trial032_occlude_hand_baseline_000_002227_raw.jpg,trials\trial_032_occlude_hand\trial032_occlude_hand_recover_059_002254_raw.jpg
33,occlude_hand,3,none,PARTIAL,0.525,0,38,False,120,56,176,2,48.2,,trials\trial_033_occlude_hand,trials\trial_033_occlude_hand\trial033_occlude_hand_baseline_000_002341_raw.jpg,trials\trial_033_occlude_hand\trial033_occlude_hand_recover_057_002418_raw.jpg
34,camera_pose,3,none,PASS,1.0,0,0,False,120,61,181,1,39.4,,trials\trial_034_camera_pose,trials\trial_034_camera_pose\trial034_camera_pose_baseline_000_002447_raw.jpg,trials\trial_034_camera_pose\trial034_camera_pose_recover_061_002505_raw.jpg
35,occlude_object,3,none,PARTIAL,0.5,0,40,False,120,56,176,2,46.0,,trials\trial_035_occlude_object,trials\trial_035_occlude_object\trial035_occlude_object_baseline_000_002525_raw.jpg,trials\trial_035_occlude_object\trial035_occlude_object_recover_057_002557_raw.jpg
36,removal,3,none,FAIL,0.506,1,38,False,119,58,177,2,35.5,,trials\trial_036_removal,trials\trial_036_removal\trial036_removal_baseline_000_002618_raw.jpg,trials\trial_036_removal\trial036_removal_recover_059_002638_raw.jpg
37,identity_swap,3,none,PARTIAL,0.519,0,38,False,119,53,172,4,41.1,,trials\trial_037_identity_swap,trials\trial_037_identity_swap\trial037_identity_swap_baseline_000_002704_raw.jpg,trials\trial_037_identity_swap\trial037_identity_swap_recover_057_002724_raw.jpg
38,control,3,none,PASS,1.0,0,0,False,120,58,178,1,41.0,,trials\trial_038_control,trials\trial_038_control\trial038_control_baseline_000_002742_raw.jpg,trials\trial_038_control\trial038_control_recover_059_002801_raw.jpg
39,substitution,3,none,FAIL,0.325,14,38,False,117,57,174,2,59.5,,trials\trial_039_substitution,trials\trial_039_substitution\trial039_substitution_baseline_000_002827_raw.jpg,trials\trial_039_substitution\trial039_substitution_recover_056_002909_raw.jpg
40,lighting,3,none,PASS,1.0,0,0,False,120,59,179,1,42.0,,trials\trial_040_lighting,trials\trial_040_lighting\trial040_lighting_baseline_000_002928_raw.jpg,trials\trial_040_lighting\trial040_lighting_recover_060_002950_raw.jpg
41,control,3,high,PASS,1.0,0,0,False,120,59,179,1,41.5,,trials\trial_041_control,trials\trial_041_control\trial041_control_baseline_000_003103_raw.jpg,trials\trial_041_control\trial041_control_recover_060_003130_raw.jpg
42,camera_pose,3,high,PASS,1.0,0,0,False,120,60,180,1,37.5,,trials\trial_042_camera_pose,trials\trial_042_camera_pose\trial042_camera_pose_baseline_000_003151_raw.jpg,trials\trial_042_camera_pose\trial042_camera_pose_recover_060_003209_raw.jpg
43,lighting,3,high,PASS,1.0,0,0,False,120,58,178,1,62.5,,trials\trial_043_lighting,trials\trial_043_lighting\trial043_lighting_baseline_000_003254_raw.jpg,trials\trial_043_lighting\trial043_lighting_recover_059_003320_raw.jpg
44,occlude_object,3,high,PASS,1.0,0,0,False,120,52,172,3,35.2,,trials\trial_044_occlude_object,trials\trial_044_occlude_object\trial044_occlude_object_baseline_000_003439_raw.jpg,trials\trial_044_occlude_object\trial044_occlude_object_recover_057_003504_raw.jpg
45,identity_swap,3,high,FAIL,0.303,15,38,False,116,57,173,6,51.6,,trials\trial_045_identity_swap,trials\trial_045_identity_swap\trial045_identity_swap_baseline_000_003520_raw.jpg,trials\trial_045_identity_swap\trial045_identity_swap_recover_055_003554_raw.jpg
46,removal,3,high,FAIL,0.5,40,0,True,120,60,180,1,40.8,,trials\trial_046_removal,trials\trial_046_removal\trial046_removal_baseline_000_003617_raw.jpg,trials\trial_046_removal\trial046_removal_recover_059_003640_raw.jpg
47,substitution,3,high,FAIL,0.5,40,0,False,120,57,177,2,36.1,,trials\trial_047_substitution,trials\trial_047_substitution\trial047_substitution_baseline_000_003658_raw.jpg,trials\trial_047_substitution\trial047_substitution_recover_057_003718_raw.jpg
48,occlude_hand,3,high,PASS,1.0,0,0,False,120,58,178,1,43.9,,trials\trial_048_occlude_hand,trials\trial_048_occlude_hand\trial048_occlude_hand_baseline_000_003739_raw.jpg,trials\trial_048_occlude_hand\trial048_occlude_hand_recover_059_003801_raw.jpg
