model,resize_setting,trial_num,capture_time,encode_time,inference_time,total_time,image_size,response,usable
qwen2.5vl:3b,full (1280x720),1,2.1317176818847656,0.0016541481018066406,0.4259769916534424,2.5593488216400146,1280x720,scan_right,True
qwen2.5vl:3b,full (1280x720),2,1.9881994724273682,0.00154876708984375,0.3292422294616699,2.318990468978882,1280x720,scan_right,True
qwen2.5vl:3b,full (1280x720),3,1.9623613357543945,0.0014882087707519531,0.30864882469177246,2.272498369216919,1280x720,scan_right,True
qwen2.5vl:3b,320x240,1,1.9756581783294678,0.00017333030700683594,0.3740353584289551,2.3498668670654297,320x240,scan_right,True
qwen2.5vl:3b,320x240,2,1.9849648475646973,0.00016736984252929688,0.30258989334106445,2.287722110748291,320x240,scan_right,True
qwen2.5vl:3b,320x240,3,1.9793355464935303,0.0001761913299560547,0.30002641677856445,2.279538154602051,320x240,scan_right,True
qwen2.5vl:3b,640x480,1,1.9905259609222412,0.0005805492401123047,1.3134675025939941,3.3045740127563477,640x480,scan_right,True
qwen2.5vl:3b,640x480,2,2.000964879989624,0.0004837512969970703,0.34084200859069824,2.3422906398773193,640x480,scan_right,True
qwen2.5vl:3b,640x480,3,1.9527859687805176,0.0005054473876953125,0.31432271003723145,2.2676141262054443,640x480,scan_right,True
moondream,full (1280x720),1,1.9699358940124512,0.001497507095336914,22.611698150634766,24.583131551742554,1280x720,,False
moondream,full (1280x720),2,1.9894742965698242,0.0014178752899169922,2.4401159286499023,4.4310081005096436,1280x720,,False
moondream,full (1280x720),3,1.9814860820770264,0.0017292499542236328,0.09802103042602539,2.0812363624572754,1280x720,,False
moondream,320x240,1,1.9765746593475342,0.00016880035400390625,0.3383066654205322,2.3150501251220703,320x240,,False
moondream,320x240,2,2.007931709289551,0.0001678466796875,0.11144113540649414,2.1195406913757324,320x240,,False
moondream,320x240,3,1.992903709411621,0.00017213821411132812,0.10467052459716797,2.0977463722229004,320x240,,False
